AACTAY,aechtie
AALTJ,aeltje
AAMYNA,aamina
AARVN,aaron
ABA,aba
ABAD,abad
ABADA,obadja
ABADHBY,abudhabi
ABAJA,obadja
ABAR,aabar
ABCR,abcher
ABDJA,obadja
ABDLRHMAN,abdalrahman
ABDVN,ebdon
ABH,abe
ABHAY,abhay
ABHY,abhay
ABLA,abella
ABL,abel
ABL,abell
ABLH,abele
ABLHYD,adelheid
ABLJ,abeltje
ABLT,abeltje
ABLTJ,abeltje
ABLY,abley
ABLYSN,ablation
ABND,abend
ABNR,abner
'ABR,aabar
ABR,aabar
ABRAHAM,abraham
ABRAHYM,ebrahim
ABRAHYM,ibrahim
ABRAM,abram
ABRAMSVN,abramson
ABRAPT,abrupt
ABRAYT,ebright
ABRBAC,eberbach
ABRG,aberg
ABRG,oborg
ABRKRVMBY,abercrombie
ABRL,oberle
ABRLY,eberle
ABRMSKY,obremski
ABRT,ebbert
ABRT,ebert
ABRVTR,oberreuter
ABRY,abery
ABRY,aubrey
ABRYN,obrien
ABRYNY,ibrini
ABSTGARTN,obstgarten
ABST,obst
ABSTRKT,abstract
ABT,abbott
ABTYN,abtine
ABV,abou
ABVBA,aboba
ABVDBY,abudhabi
ABVDHABY,abudhabi
ABVHBYB,abudhabi
ABVLYN,abolin
ABVRYMH,eboreime
ABVT,abbot
ABVT,abbott
ABVTSMYT,abbotsmith
ABYA,abia
ABYAB,abiab
ABY,abbey
ABY,abby
ABYAD,abiad
ABYAN,abyan
ABYD,ubaid
ABY,ebe
ABYL,abel
ABYLAK,abilock
ABYNA,ebina
ABYNGM,obbingem
ABYNGN,obbingem
ACDL,archdale
AC,ech
ACR,archer
ACRNAR,achernar
ACTY,aechtie
ACTYH,aechtie
ACY,aechtie
ACYLS,achilles
ACYSVN,atchison
ACYT,aechtie
ADAB,adab
ADAM,adam
ADAMV,adamo
ADANA,adana
ADAN,adan
ADANL,odonnell
ADARA,edara
ADB,adab
ADBRG,edberg
ADGRYNGLND,adgeringelant
ADGRYNGLNT,adgeringelant
ADGYNGTVN,edgington
ADH,ade
ADKAK,adcock
ADKK,adcock
ADKRYK,oudekirk
ADKVK,adcock
ADKYNZ,adkins
ADKYRK,oudekirk
ADLA,adela
'ADL,adel
ADL,adel
ADLARDV,adelardo
ADLAYD,adelaide
ADLAYD,adelheid
ADLHYD,adelheid
ADLMA,adalma
ADL,odell
ADLR,adler
ADLSVN,adelson
ADLY,audley
ADMVND,edmonds
ADMVNDS,edmonds
ADMVNDZ,edmonds
ADMVNZ,edmonds
ADMYRALN,admiralen
ADMYRALZ,admirals
ADMYSTVN,edmiston
ADNAMS,adnams
ADNAMZ,adnams
ADNBRAG,edenborough
ADNBRG,edenborough
ADNBRV,edenborough
ADNBRVG,edenborough
ADNBVRG,edenborough
ADRY,adri
ADRY,adrie
ADRYANA,adriana
ADRYAN,adriaen
ADRYANS,adriance
ADRYN,adriane
ADRYNKLNT,adgeringelant
ADRYNS,adriance
ADRYNY,adriene
ADRYNY,adrienne
ADRYS,idris
ADSAL,edsall
ADST,adsett
ADSVN,eidsson
ADT,adsett
ADVARD,edvard
ADVARD,edward
ADVARDSN,edwardsson
ADVART,eduwart
ADVLF,adolph
ADVLFSVN,adolfsson
ADVLF,udolph
ADVNCR,adventure
ADVNL,odonnell
ADVNYS,adonis
ADVSVMALY,adusumalli
ADVVART,eduwart
ADY,addy
ADY,athey
ADY,eadie
ADY,eady
ADY,eddey
ADYH,adie
ADYK,adik
ADYKS,addicks
'ADYL,adil
ADYL,adil
ADYLRD,ethilrede
ADYNA,adina
ADYNGTVN,addington
ADYNGTVN,edgington
ADYS,addis
ADYSAK,adisak
ADYSVN,addison
ADYT,adit
AFA,afa
AFAF,afaf
AFRA,afra
AFRDYT,aphrodite
AFRVDYT,aphrodite
AFTAB,aftab
AFV,afou
AFVRYL,aphoriel
AFYCART,aphichart
AFYF,afif
AFYGTN,uffington
AFYNGTN,uffington
AFYS,office
AFYSR,officer
AFYVN,afioun
AFZAL,afzal
AFZL,afzal
AGALY,agali
AGAS,agass
AGATY,agate
AGBRN,ogborn
AGBVRN,ogborn
AG,egg
AGLSTVN,eaglestone
AGMN,eggeman
AGMVZ,egmose
AGNDY,agndie
AGNV,ageno
AGNVYK,aganovic
AGPYAN,agopian
AGR,augor
AGRAVALA,agrawala
AGRN,agren
AGRTN,egerton
AGRTVN,egerton
AGRYNGLANT,adgeringelant
AGRYNGLND,adgeringelant
AGVLV,agullo
AGVR,augor
AGVSTV,augusto
AGVSTYN,augustyn
AGVSTYNLY,agostinelli
AGVSTYNY,agostini
AGVYRV,aguero
AGVYV,agoyo
AGYLA,aqila
AGYL,aqil
AGYLSVN,egilsson
AGYNST,against
AHAY,aahie
AHLAND,ohlund
AHMAN,ohmann
AHMN,ohman
AHRN,ahern
AHY,aahie
AHYH,aahie
AJ,aetje
AJAST,ojaste
AJAY,ajay
AJDA,ojeda
AJLVS,aggelos
AJNT,agent
AJRAYNGLND,adgeringelant
AJYNGTVN,eggington
AJYNTVN,edginton
AKA,aka
AK,ack
AKADMY,academy
AKADMYK,akademik
AKAKS,acox
AKAPADY,accapadi
AKBRG,ekberg
AKBVRN,ayckbourn
AKDAG,akdag
AK,eck
AKGAN,akgun
AKL,akl
AKLAND,eklund
AKLND,auckland
AKLVF,eklof
AKLY,ackley
AKLY,oakley
AKM,akeem
AKMAN,akman
AKMANDNSYS,ekmundensis
AKMANDSYS,ekmundensis
AKMAN,ekman
AKMNA,acmena
AKMN,ekman
AKMR,alcmere
AKMVNDNSYS,ekmundensis
AKMY,akemi
AKN,akeem
AK,oke
AKR,ecker
AKRM,ackerman
AKRMAN,ackerman
AKRMN,ackerman
AKRSAND,eckersand
AKRSLATV,ekerslato
AKRSLYTV,ekerslato
AKRSTV,ekerslato
AKRT,eckert
AKRVYD,ackroyd
AKRYL,akrill
AKS,axe
AKSAYL,exile
AKSDLM,axthelm
AKSFRD,axford
AKSFVRD,axford
AKSFVRD,oxford
AKSKRYTYA,excretia
AKSLSVN,axelsson
AKSLY,oxley
AKSS,access
AKSTRND,ekstrand
AKSTYN,eckstein
AKSV,aksu
AKSYL,axel
AKTS,awketts
AKTVN,acton
AKTVN,eckton
AKTY,aechtie
AKTYV,active
AKVAL,ekwall
AKVAYLA,aqila
AKVAYL,aqil
AKVDV,acevedo
AKVKS,acox
AKVNA,acuna
AKVNR,acuner
AKVSTA,acosta
AKY,acee
AKY,aki
AKYF,okeefe
AKYHYKV,akihiko
AKYLA,akilah
AKYLA,aqila
AKYLAH,akilah
AKYL,akil
AKYL,aqil
AKYLH,akilah
AKYLS,akilesh
AKYM,akeem
AKYN,akin
AKYTVMV,akitomo
AL'ADYN,alaaldin
ALAHAYDYKYA,alladhiqiyah
ALAHDVD,alhudud
ALALDYN,alaaldin
AL,all
ALAM,ellam
ALAMZ,allums
ALANA,alana
ALANGKV,elangco
ALAPATY,alapati
ALAQBH,alaqabah
ALARD,allard
ALASR,aleser
ALASVRS,alsworth
ALAVAY,allaway
ALAVY,allaway
ALAYN,alain
ALAYSDYR,alaisdair
ALAYS,elyse
ALBAHAH,albahah
ALBHA,albahah
ALBHAH,albahah
ALBLJH,abeltje
ALBR,alber
ALBRAYT,albright
ALBRT,albert
ALBRTYNY,albertini
ALBRY,allbery
ALBRYJ,albright
ALBVN,labdon
ALBVZ,elbows
ALBYNGR,albinger
ALDHAYD,adelheid
ALDLHLD,adelheid
ALDN,alden
ALDN,allden
ALD,ould
ALDR,alder
ALDRD,eldred
ALDRYC,aldrich
ALDRYDJ,eldridge
ALDRYG,aldridge
ALDRYG,auldridge
ALDRYJ,aldridge
ALDRYJ,auldridge
ALDRYJ,eldridge
ALDRYJH,aldridge
ALDYN,eldin
ALDZ,olds
ALFA,alpha
ALF,alf
ALFANSV,alfonso
ALFARV,alfaro
ALF,elf
ALFRD,alfred
ALFRDV,alfredo
ALFRS,alfors
ALFRYNG,elfering
ALFVRD,alford
ALFVRD,elford
ALGADV,alegado
ALGARD,ellegaard
ALGAYN,olguin
ALGRV,allegro
ALGSAN,alagesan
ALGY,algie
ALGYNGTVN,elkington
ALHDAD,alhudud
ALHDVD,alhudud
ALJ,aeltje
ALJH,aeltje
ALKAN,elkan
ALKBAH,alaqabah
ALKBR,alkabeer
ALKBYR,alkabeer
ALKK,allcock
ALKMR,alcmere
ALKMRH,alcmere
ALKMRY,alcmere
ALKR,allcor
ALKRTN,alkerton
ALKRTVN,alkerton
ALKS,alex
ALKSANDR,alexander
ALKSANDRVZ,alexandros
ALKSNDR,alexander
ALKSY,alexy
ALKSYV,alexiou
ALKVAB,alaqabah
ALKVK,allcock
ALKVR,allcor
ALKYNGTN,elkington
ALKYNGTVN,elkington
ALKYNTN,elkinton
ALLADHKYAH,alladhiqiyah
ALLADHYKYAH,alladhiqiyah
ALLAHYGYAH,alladhiqiyah
ALLDHYKYAH,alladhiqiyah
ALLDYKYAH,alladhiqiyah
ALLHYQYH,alladhiqiyah
ALM,alm
ALMAR,elmar
ALMAS,almas
ALMATVN,olematon
ALMGRN,almgren
ALMKVAST,elmquist
ALMKVYST,almqvist
ALMN,elman
ALMNTAJ,almintaqah
ALMR,alcmere
ALMRS,elmers
ALMRVT,almeroth
ALMVD,alamode
ALMVDYVAR,almudevar
ALMV,elmo
ALMVMAN,elmoman
ALMVR,elmore
ALMYNAKAH,almintaqah
ALMYNTAGAH,almintaqah
ALMYNTAKAH,almintaqah
ALMYNTAKVA,almintaqah
ALMYNTKH,almintaqah
ALMYRAL,almirall
ALN,alden
ALN,allen
ALND,allden
ALNDR,allender
ALN,ellen
ALNVR,alnoor
ALNY,olney
ALPN,alpen
ALPRT,alpert
ALPVRT,allport
AL'QBH,alaqabah
ALRBK,ellerbeck
ALRD,allred
ALRTN,allerton
ALRTVN,allerton
ALRVY,elroy
ALRY,ellery
ALRYGH,alridge
ALRYJ,alridge
ALSANDRY,alessandri
ALSAN,olson
ALSAN,olsson
ALSAP,allsop
ALSAP,allsopp
ALSAP,alsop
ALSNDRV,alesandro
ALSN,olhsson
ALSN,olsen
ALSNR,elsner
ALSP,allsop
ALSP,alsop
ALSPD,elspeth
ALSR,aleser
ALSTRVM,ahlstrom
ALSVN,elson
ALSVN,olson
ALSVN,olsson
ALSVP,allsop
ALSVP,alsop
ALSVRS,alsworth
ALSVRT,alsworth
ALSVZ,allshouse
ALSY,elsie
ALT,aeltje
ALTANYN,eltanin
ALT,arlet
ALTAYR,altair
ALTMAN,altman
ALTMN,altman
ALTMN,oltmann
ALTRVAYD,aaltruide
ALTRVD,aaltruide
ALTRVYD,aaltruide
ALTRVYYD,aaltruide
ALTSVN,elletson
ALTV,alto
ALTYR,altair
ALTZ,oltz
ALVA,alva
ALVAN,alwan
ALVARV,alvaro
ALVARVS,alvarus
ALVARZ,alvarez
ALVAY,alleway
ALVF,elof
ALVKAL,alukal
ALVK,alok
ALVLD,eleveld
ALVRS,elvers
ALVSA,alyosha
ALVVD,ellwood
ALVVD,elwood
ALVY,allaway
ALVY,alleway
ALVYN,alvin
ALVYN,alwin
ALVYN,alwyn
ALVYN,elwin
ALVYN,elwyn
ALVYS,alwis
ALVZ,alves
ALXZNA,alkhazna
'ALYA,aaliyah
ALYA,aaliyah
'ALY,aali
A'LY,aali
ALY,aali
ALYA,alya
ALYA,elia
A'LYAH,aaliyah
ALYAH,aaliyah
ALY,allee
ALY,alley
ALY,allie
ALYAN,alain
ALYAS,alias
ALYASVN,eliason
ALYBY,alibey
ALY,elie
ALY,ely
ALYFAS,aliphas
'ALYH,aaliyah
ALYJ,arlidge
ALYKS,alyx
ALYLYVNAS,alelyunas
ALYMA,ulima
AL'YN,alain
ALYN,alain
ALYN,alien
ALYN,allyn
ALYN,elin
ALYNGR,ellinger
ALYNGTVN,alington
ALYNGTVN,elkington
ALYN,olin
ALYNYK,oleinik
ALY,olea
ALYSA,alyssa
ALYS,alias
ALYS,alice
ALYS,elyse
ALYSN,allison
ALYSTVN,elliston
ALYSTYR,alistair
ALYSVN,allison
ALYSVN,allyson
ALYSVN,elison
ALYSVN,ellison
ALYSYA,alicia
ALYVA,oliva
ALYVRYA,oliveira
ALYVT,eliot
ALYVT,elliot
ALYVY,alleway
ALYYA,elya
ALYZA,alisa
ALYZABT,elizabeth
ALYZ,allyz
ALYZR,aleser
ALZ,elz
ALZNA,alzena
ALZN,olson
ALZVRS,alsworth
AMA,ama
AMADVR,amador
AMAGYV,omaggio
A'MAL,amal
AMAL,amal
AMAND,amand
AMANVAL,emmanuel
AMANV,amano
AMANVL,emmanuel
AMANVYL,emmanuel
AMANY,amani
AMANYVL,emmanuel
AMARA,amara
AMARAL,amaral
AMARDYV,amardeo
AMARNT,amarnath
AMARYT,amarit
AMBAR,embar
AMBASY,embassy
AMBLR,ambler
AMBRLY,amberle
AMBRLY,emberley
AMBRLYNG,emberling
AMBRVSS,ambrosius
AMBRVSVS,ambrosius
AMBRVSYV,ambrosio
AMBRVSYVS,ambrosius
AMBVS,ambush
AMBYJ,ambidge
AMDYV,amedeo
AMFN,amphon
AMLAK,amlak
AML,amal
AMLK,amlak
AMLN,emlen
AMLYA,amelia
AMNA,amna
AMN,emmen
AMNVN,amnon
AMPN,ampon
AMPRVR,empereur
AMPSVN,empson
AMPT,ampte
AMPTH,ampte
AMPY,empey
AMRALD,emerald
AMR,emre
AMRJYNG,emerging
AMRMAN,amerman
AMRVSYV,ambrosio
AMRY,amery
AMRY,amory
AMRY,emery
AMRYKA,america
AMRYKN,american
AMRYKN,amerikan
AMRYTA,amritha
AMS,ems
AMSTAT,amstadt
AMSTD,umstead
AMSTR,amster
AMSY,amshey
AMT,ampte
AMTYSTA,amethysta
AMVNA,emona
AMVNDSYZ,ekmundensis
AMVRVSV,amoroso
AMVRY,amory
AMVS,amos
AMY,ami
AMY,amy
AMYH,amie
AMYHAY,amihai
AMYKVS,amicus
AMYLY,emilie
AMYLY,emily
AMYLYYV,emilio
AMYNA,aamina
AMYNA,amina
AMYNH,aamina
AMYRA,amira
AMYR,amir
AMYR,emyr
AMYT,amit
AMYTAVA,amitava
AMYT,emit
AMYT,emmett
AMYVT,amiot
AMYVT,amyot
AMYZVTA,amezquita
ANAGRAM,anagram
ANAKYN,anakin
ANALVG,analog
ANANDA,ananda
ANAND,anand
AN,anne
ANANSA,anantha
ANANT,anant
ANAS,anas
ANASTASYA,anastacia
ANATVLY,anatoly
ANATY,anathea
ANAY,anay
ANAYLYN,anilane
ANAYZA,unaiza
ANAZ,anas
ANAZA,unaiza
ANBAR,anbar
ANBR,anbar
ANBV,anbu
ANCY,anchi
ANDAMZ,adnams
AND,and
AND,ande
ANDNS,andenes
ANDRA,andra
ANDR,ander
ANDR,andr
ANDRBRG,anderberg
ANDRBVRG,enderborg
ANDRBY,enderby
ANDR,ender
ANDR,endre
ANDRR,anderer
ANDRS,andres
ANDRS,andress
ANDRSN,andersen
ANDRSN,andreasen
ANDRSVN,anderson
ANDRVS,andrus
ANDRVZ,andrews
ANDRYA,andrea
ANDRY,andree
ANDRY,andrei
ANDRYAS,andreas
ANDRYS,andres
ANDRYS,andries
ANDRYS,andris
ANDRYSN,andreassen
ANDRYSN,andreessen
ANDRYVZ,andrews
ANDRYYA,andreaea
ANDRYZ,andries
ANDSVRS,endesworth
ANDSVRT,endesworth
ANDSVVRT,endesworth
ANDVLSN,andolsen
ANDYSL,anthistle
ANDYYVRANS,endurance
ANFANT,enfant
ANFYLD,enfield
ANGBRTSN,engebretsen
ANGH,anghe
ANGLAND,englund
ANGLANDR,englander
ANGLASMA,engelsma
ANGLHARD,engelhardt
ANGLHLM,engelholm
ANGLHVRN,engelhorn
ANGLND,england
ANGLS,angles
ANGLS,engels
ANGLSMA,engelsma
ANGLSVN,engelson
ANGLTH,engeltje
ANGLTJ,engeltje
ANGLTJH,engeltje
ANGLYNA,engelina
ANGLYS,english
ANGLZ,engels
ANGRSVL,ingresole
ANGVLV,angulo
ANH,anne
ANHLD,anhold
ANJBRTSVN,engebretson
ANJL,angle
ANJLJY,engeltje
ANJLS,angeles
ANJLT,engeltje
ANJLTJA,engeltje
ANJLV,angelo
ANJLYNA,engelina
ANJLYS,angelis
ANJLYSYA,anglesea
ANJY,engi
ANJYLYNY,angelini
ANKNY,ankeney
ANKR,anker
ANKRLY,enkerli
ANKSTAD,annexstad
ANKVRN,anckorn
ANPYNGKV,unpingco
ANQ,anghe
ANQH,anghe
ANRAH,unruh
ANR,oner
ANRYK,enric
ANRYKV,enrico
ANRYKYV,enrique
ANRYKYYVZ,enriquez
ANSAR,anwar
ANSKAMB,anscomb
ANSL,ansell
ANSLM,anselm
ANSLMV,anselmo
ANSLY,ansley
ANSLYN,ansselin
ANSPAC,anspach
ANSR,anwer
ANSTYTV,institut
ANSY,anssi
ANSY,anthea
ANSYH,anisa
ANSYKR,unsicker
ANTAL,antal
ANTANAYTYS,antanaitis
ANTARAMYAN,antaramian
ANT,enete
ANTH,annette
ANTNA,antenna
ANTRAPY,entropy
ANTRV,antero
ANTRVSYV,antrosio
ANTRYKYN,entrikin
ANTSTL,anthistle
ANTSYTL,anthistle
ANTVN,anthon
ANTVN,antone
ANTVN,antoun
ANTVNVGLV,antonoglou
ANTVNVVYC,antonowich
ANTVNY,anthony
ANTVNY,antoni
ANTVNY,antony
ANTVNYS,antonis
ANTVNYS,antonius
ANTVNYV,antonio
ANTVNYVS,antonius
ANTVS,antevs
ANTY,antti
ANTYLA,antila
ANTYPDS,antipodes
ANTYSTL,anthistle
ANTYSTLH,anthistle
ANV,anno
ANV,anu
ANVAR,anwar
ANVCYN,anuchin
ANV,enno
ANV,eno
ANVJYT,anujit
ANVKVL,anukul
ANVN,anon
ANVPAM,anupam
ANVP,anoop
ANVR,anwar
ANVR,anwer
ANVR,honnur
ANVRS,anvers
ANVS,anoosh
ANVS,enos
ANVTYYADYS,enotiadis
ANVVY,envoy
ANYART,enyart
ANYJMA,enigma
ANYL,anil
ANYL,oneal
ANYL,oneill
ANYMA,aamina
ANYNG,enying
ANYSA,anisa
ANYS,ennis
ANYSH,anisa
ANYSTYN,einstein
ANYVRSRY,anniversary
ANYVS,annius
ANYYV,enyo
ANZALVNY,anzalone
ANZLVAR,anzlovar
ANZYNGR,enzinger
APCRC,upchurch
AP,epp
APL,apel
APL,appel
APLBAY,appleby
APLBRG,appelberg
APLBY,applebee
APLBY,appleby
APLMN,appleman
APLNDS,uplands
APLYBY,applebee
APLYBY,appleby
APLYN,aplin
APNDYS,apendice
APRAYT,upright
APRLY,epperly
APRSVN,aperson
APRYL,april
APSTN,upston
APSTVN,upston
APSTYN,epshteyn
APSYLVN,epsilon
APVNTH,aponte
APVRVA,apoorva
APYDAL,oppedal
APYSTYN,eppstein
AQBAL,ikbal
ARAM,oram
ARAND,aurand
ARAN,eran
ARARKH,orourke
ARAS,arras
ARAS,erach
ARASMVS,erasmus
ARAY,airay
ARAYZ,aries
ARBANAS,arbanas
ARBR,arber
ARBVR,arbur
ARBYD,irbid
ARBY,ereby
ARBYL,arbil
ARBY,orbi
ARCAL,archdale
ARCALH,archdale
ARC,arch
ARCARD,orchard
ARCDALY,archdale
ARCDL,archdale
ARCDYL,archdale
ARCR,archer
ARCYBALD,archibald
ARDALYC,ardalich
ARDMN,erdmann
ARDN,aaron
ARDRZ,arthers
ARDYS,ardis
AR,ear
ARFANAKYS,orfanakis
ARFVRD,orford
ARFYVS,orfeus
ARGAN,oregan
ARGAN,organ
ARGAR,orgar
ARHARD,erhard
ARKARD,orchard
ARKDYL,archdale
ARKTYKY,arktiki
ARLAYJ,arlidge
ARL,earl
ARL,earle
ARL,orrell
ARLT,arlet
ARLY,earley
ARLYJ,arlidge
ARLYNDH,arlidge
ARLYNG,arling
ARMAND,ormond
ARM,arm
ARMASTRANG,armstrong
ARMATV,armato
ARMNY,armeni
ARMRY,ermrey
ARMSRVNG,armstrong
ARMSTRANG,armstrong
ARMVNTRVT,armontrout
ARMVR,armour
ARMYN,eremin
ARMYTAJ,armitage
ARMYT,armitt
ARMYTAZ,armitage
ARN,aaron
ARNAT,arnot
ARND,arend
ARNDT,arendt
ARNFYLD,arnfield
ARNH,arne
ARNLD,arnold
ARNST,ernest
ARNT,arendt
ARNT,arnett
ARNT,arnot
ARNTS,arantes
ARNVLD,arnold
ARNVT,aernoudt
ARNVT,arnot
ARP,earp
ARPYN,arpin
ARS,jarash
ARSKAT,arscott
ARSKAYN,erskine
ARSNALT,arsenault
ARSY,arce
ARSYD,ersheid
ARSYKR,arsikere
ARTL,ertle
ARTR,arter
ARTRS,arthers
ARTRZ,arthers
ARTVT,aernoudt
ARTYS,artiss
ARTYZ,ortiz
ARVAL,orval
ARVMA,aromaa
ARVN,aaron
ARVNACALAM,arunachalam
ARVNAH,arunah
ARVND,aernoudt
ARVNN,eronen
ARVRKH,orourke
ARVSN,arvesen
ARVYNG,irving
ARVYVLA,arviola
ARYA,airay
ARYA,arya
ARY,ari
ARYC,erich
ARYFA,arrifa
ARYJ,alridge
ARYKA,erica
ARYKA,erika
ARYK,erick
ARYK,erik
ARYKSN,eriksen
ARYKSVN,erickson
ARYKSVN,ericson
ARYKSVN,eriksson
ARYN,erin
ARYNGTN,arrington
ARYS,aries
ARYS,ariss
ARYS,artiss
ARYSTVTL,aristotle
ARYZ,aries
ARYZ,ariss
ARZAT,arzate
ARZ,erez
ASAKVL,assakul
ASBL,asbell
ASBRN,osborne
ASBRYNK,asbrink
ASBVRN,osborne
ASCAFYLD,schofield
ASCAGN,schagen
ASCRVVYC,scherwich
ASCVFYLD,schofield
ASCVYLAR,schuyler
ASCYPLVDN,schipluiden
ASCYPLVYDN,schipluiden
ASCYPN,scheepen
ASDS,smeds
ASFAR,sphar
ASFYLD,ashfield
ASGVRYAN,asguarian
ASKADZ,scudds
ASKAGN,schagen
ASKAHAN,skahan
ASKAJN,schagen
ASKALANT,escalante
ASKAL,scull
ASKALYK,scollick
ASKALY,scally
ASKANL,scannell
ASKANYL,scannell
ASKARP,scarp
ASKARS,scarce
ASKARTSYS,skartsis
ASKARY,skari
ASK,ask
ASKATV,scotto
ASKATYA,scotia
ASKATY,scotty
ASKAVN,skaven
ASKAYA,skaya
ASKAYLR,schuyler
ASKAY,sky
ASKAYT,eskite
ASKLDSVN,eskeldson
ASKLTN,skelton
ASKLTVN,skelton
ASKLVYR,sklower
ASKNL,scannell
ASKNS,askanas
ASKP,skep
ASKRAB,scrub
ASKRANTVN,scranton
ASKRAYZ,skerries
ASKRNTN,scranton
ASKRNTVN,scranton
ASKRVYC,scherwich
ASKRYBLYNG,scribbling
ASKRYBNR,scribner
ASKRYC,screech
ASKRY,skerry
ASKRYS,scris
ASKRYV,screve
ASKVAYRL,squirrel
ASKVAYR,squire
ASKVFYLD,schofield
ASKVGAN,skogen
ASKVLY,ascoly
ASKVLYNG,scowling
ASKVLYN,scullin
ASKVLY,scully
ASKVLYZ,ascolese
ASKV,osku
ASKVRR,scorer
ASKV,sco
ASKVTVNY,scotoni
ASKVYLR,schuyler
ASKVYVYL,esquivel
ASKYBA,skiba
ASKYLS,skiles
ASKYNR,skinner
ASKYN,skean
ASKYN,skene
ASKYPLADN,schipluiden
ASKYPLVYDN,schipluiden
ASKYPN,scheepen
ASKYP,skip
ASKYPY,skippy
ASKYRS,scearce
ASKY,skee
ASKYTR,skeeter
ASLANKARD,slankard
ASLAN,slan
ASLAN,sloan
ASLAN,slone
ASLATKYN,slatkin
ASLATKYN,slotkin
ASLATR,slater
ASLATRY,slattery
ASLATVBR,slothouber
ASLAVK,slawek
ASLAVMYZ,slawomir
ASLAVNBRG,slavenburg
ASLAVYN,slavin
ASLAYK,slyke
ASLBVTNN,slabotnen
ASLD,sledd
ASLMN,asselman
ASLNGZVALD,slangsvold
ASLP,slope
ASLR,esler
ASLS,slash
ASLSYNG,slashing
ASLTN,sletten
ASLTR,slater
ASLVAN,sloan
ASLVKAM,slocum
ASLVKA,sluka
ASLVMN,sloman
ASLVN,olson
ASLVN,sloan
ASLVP,slope
ASLY,ashley
ASLYGRZ,sleegers
ASLYMAN,slimane
ASLYNY,slaney
ASLYPR,sleeper
ASLYP,sleep
ASLYTY,slate
ASLYVPAS,sliupas
ASLYV,slave
ASMA,asma
ASMADJ,smadja
ASMAL,small
ASMALY,smalley
ASMART,smart
ASMAYT,smythe
ASMDLY,smedley
ASMLN,smolen
ASMVKY,smoky
ASMVLYK,smolik
ASMVLYN,smolin
ASMVR,ashmore
ASMVT,smoot
ASMYD,smead
ASMYKLA,smikla
ASMYL,smeall
ASMYLY,smyley
ASMYRNV,smirnov
ASMYT,schmidt
ASMYTSVN,smithson
ASMYTVYK,smithwick
ASMYTZ,smiths
ASMYTZ,smits
ASNAG,snug
ASNAYDR,snyder
ASNDN,ashenden
ASNL,schnel
ASNL,snel
ASNLYNG,snelling
ASNR,eisner
ASNVDN,snowden
ASNVFYLD,snowfield
ASNVGRS,snodgrass
ASNV,snow
ASNYD,sneed
ASNYL,snail
ASNYSL,sneissel
ASPANGLR,spangler
ASPARDAM,spaarndam
ASPARKS,sparks
ASPARNDAM,spaarndam
ASPAR,spur
ASPARV,sparrow
ASPARZA,esparza
ASPATAFVRA,spatafora
ASPAT,spath
ASPATSVVD,spotswood
ASPATZ,spatz
ASPAVLDYNG,spaulding
ASPAYDR,spider
ASPAYDRZ,spiders
ASPAYK,spike
ASPAYKS,spikes
ASPAYNYNG,spinning
ASPAYRZ,spires
ASPAYZ,spies
ASPLMN,spelman
ASPLYD,spleid
ASPLYNTR,splinter
ASPNSR,spencer
ASPNS,spence
ASPRAG,sprag
ASPR,spur
ASPRVT,sproat
ASPRYBRY,sprayberry
ASPRY,sperry
ASPVLARYC,spolarich
ASPVLARYX,spolarich
ASPVR,spur
ASPVRY,sporay
ASPVSTA,spousta
ASPVSYTV,esposito
ASPVTYS,seputis
ASPYDN,speden
ASPYLMN,spillman
ASPYNAK,spinak
ASPYNDRYFT,spindrift
ASPYN,spine
ASPYRAS,spiros
ASPYR,spear
ASPYR,speer
ASPYRV,spero
ASPYRV,spiro
ASPYRYNG,spearing
ASPYRZ,spears
ASPYRZ,spiers
ASPYSAK,spisak
ASPYSYK,spacek
ASPYT,spit
ASPYTZR,spitzer
ASPYVAK,spivak
ASPZYTV,esposito
ASRAT,israt
ASRAYYL,israel
ASRMN,asherman
ASTABRT,stobert
ASTABZ,stubbs
ASTAD,stud
ASTAD,stude
ASTAFL,stoffel
ASTAFVRD,stafford
ASTAG,stagg
ASTAJANV,stajano
ASTAKMN,stockman
ASTAKR,stoker
ASTAKSLAJR,stockslager
ASTAKS,stocks
ASTAKY,stuckey
ASTAKY,stucki
ASTALKH,stolcke
ASTAMPR,stamper
ASTAM,stam
ASTANGYR,stangier
ASTANVL,estanol
ASTAPLYC,stuplich
ASTARBAK,starbuck
ASTARGS,sturges
ASTARGYL,sturgill
ASTARK,stark
ASTARKYP,starcap
ASTARKY,starkey
ASTAR,star
ASTAR,starr
ASTARTLD,startled
ASTART,start
ASTARTZ,startz
ASTARYNGR,staringer
ASTARZ,stars
ASTAS,stas
ASTATM,statham
ASTATRZ,stothers
ASTATZMN,stutzman
ASTAYLZ,styles
ASTAYNLS,stainless
ASTAYNMN,stineman
ASTAYN,stine
ASTAYR,astaire
ASTBAY,ostby
ASTCNYK,stachnik
ASTDLR,stadler
ASTDMN,stedman
ASTDYNA,stedina
ASTFANS,stephanus
ASTFAN,staffan
ASTFAN,stephane
ASTFANVS,stephanus
ASTFANV,stefano
ASTFANZ,stephanus
ASTFN,stephen
ASTFNSVN,stephenson
ASTGN,stegen
ASTK,stec
ASTLR,stoler
ASTLY,astley
ASTLYK,eastlake
ASTLY,stelly
ASTNFRD,stanford
ASTNFVRD,stanford
ASTNFVRT,stenfort
ASTNKAMB,stancomb
ASTNSL,stansell
ASTNSRAD,stensrud
ASTN,stan
ASTNTJY,steentje
ASTPKN,stepken
ASTPK,stepke
ASTRABRYJ,strawbridge
ASTRADR,strader
ASTRAKMN,struckman
ASTRAK,strock
ASTRANDR,ostrander
ASTRAP,strope
ASTR,aster
ASTRASYM,strasheim
ASTRAVB,straub
ASTRLYNG,stirling
ASTRMLR,stremler
ASTRN,austern
ASTRND,strand
ASTRN,sterne
ASTRVK,strock
ASTRVM,strum
ASTRVS,strouss
ASTRVSTRAP,stroustrup
ASTRYAN,stroyan
ASTRYBL,striebel
ASTRYD,astrid
ASTRYDM,strydom
ASTRYDR,strider
ASTRYM,stream
ASTRYN,austrian
ASTRYNGR,stringer
ASTRYNJR,stringer
ASTRYN,ostrin
ASTRYNY,strini
ASTRYR,strayer
ASTRY,stray
ASTRYTY,steriti
ASTS,estes
ASTVARD,steward
ASTVART,stewart
ASTVBRYJ,stowbridge
ASTVDVLA,stodola
ASTVFL,stoffel
ASTVKLAS,stoklas
ASTVK,stock
ASTVK,stok
ASTVKVL,stockwell
ASTVKY,stookey
ASTVLK,stolcke
ASTVLR,stoller
ASTVL,stowell
ASTVN,ashton
ASTVNBRAYJ,stonebridge
ASTVNSN,stevenson
ASTVN,stoun
ASTVN,upston
ASTVR,astore
ASTVRGA,storga
ASTVRLYR,storleer
ASTVRMZ,storms
ASTVRR,storer
ASTVRYM,sturim
ASTVRY,storey
ASTVRY,story
ASTV,stew
ASTVVAL,stovall
ASTVY,stoy
ASTYANSN,stiansen
ASTYBL,stabell
ASTYBR,stieber
ASTYD,stead
ASTYGBRG,stigberg
ASTYGMN,shtiegman
ASTYGRS,staggers
ASTYG,stig
ASTYJH,steentje
ASTYK,astik
ASTYKLMN,stickelman
ASTYLR,stealer
ASTYL,steel
ASTYL,steele
ASTYL,still
ASTYLY,stailey
ASTYLZ,stiles
ASTYN,austin
ASTYNBRG,stenberg
ASTYNSN,stinson
ASTYN,steen
ASTYN,stian
ASTYNSVN,stinson
ASTYNTH,steentje
ASTYNTJH,steentje
ASTYNTJ,steentje
ASTYNZ,staines
ASTYPLZ,staples
ASTYP,steep
ASTYRN,stearn
ASTYRNZ,stearns
ASTYSY,stacey
ASTYSY,stacy
ASTYT,stith
ASTYVDNT,student
ASTYVN,steven
ASTYVNSVN,stevenson
ASTYVS,esteves
ASTYVZ,steves
ASVALAP,aswalap
ASVALD,oswald
ASVANAY,swany
ASVK,ashok
ASVLT,stolte
ASVRS,ashworth
ASVSKY,osowski
ASVYSR,swisher
ASYA,aiesha
ASY,assi
'ASYF,asif
ASYF,asif
ASYMYLYT,assimilate
ATANSYV,atanacio
ATA,ota
ATA,otha
ATARAS,ataras
ATH,aetje
ATJH,aetje
ATKA,atka
ATKYNSN,atkinson
ATKYNSVN,atkinson
ATKYNZ,atkins
ATKYNZ,etkins
ATL,atle
ATLS,atlas
ATMSFR,atmosphere
ATMZ,atems
AT,ott
ATRAM,atram
ATR,outer
ATRTN,atherton
ATRY,atri
ATRYSPS,atriceps
ATRZ,etters
ATTLY,attlee
ATV,athow
ATVATR,atwater
ATVD,atwood
ATV,etue
ATVL,attewell
ATVL,atul
ATV,oto
ATV,otto
ATVSAN,otoosan
ATVS,athos
ATVSY,atusi
ATVVD,atwood
ATVVL,attewell
ATVYL,attewell
ATYA,atiya
ATY,athey
ATYG,attig
ATYLRD,ethilrede
ATYLRDH,ethilrede
ATYLYV,attilio
ATYNGR,ettinger
ATYNY,etienne
ATYNZVN,etinzon
ATYS,atish
ATYVL,attewell
ATYYA,atiya
AVACA,ewacha
AVAD,oued
AVADYA,awadia
AVALD,ewald
AVAN,awan
AVANZ,evans
AVASTY,awasthi
AVBAJA,obadja
AVBRAYAN,obrien
AVBRDVRFR,oberdorfer
AVBRHVLZ,oberholz
AVBRHYM,oberheim
AVBR,ober
AVBRTAS,obertas
AVBRY,aubrey
AVBRY,aubrie
AVBYD,ubaid
AVBYNGM,obbingem
AVCARD,orchard
AVCAR,owchar
AVCLND,auckland
AVCZ,ochs
AVDDY,oddy
AVDKRYK,oudekirk
AVDKYRK,oudekirk
AVDL,odell
AVDLY,audley
AVDRA,audra
AVDRGV,ouedraogo
AVDVAK,odwak
AVDVN,audun
AVDV,udo
AVDYVM,odum
AVFNR,uffner
AVFYNGTVN,uffington
AVGAR,ugur
AVGBVRN,ogborn
AVGLT,aoglat
AVGNH,eugene
AVGNYV,eugenio
AVGVR,augor
AVGVRY,aogori
AVGVST,august
AVGVSTV,augusto
AVGVSTYN,augustyn
AVGYNH,eugene
AVHALVRAN,ohalloran
AVHRMN,ohrman
AVJN,augen
AVKLND,auckland
AVKLY,oakley
AVKR,auker
AVKRAYN,ukraine
AVKR,ocker
AVKSLY,oxley
AVKSTVN,oxton
AVKSVL,oxwell
AVKT,awketts
AVKTS,awketts
AVKTZ,awketts
AVKYNZ,oakins
AVKYTS,awketts
AVLAFSVN,olafson
AVLA,olah
AVL,awel
AVLAYVVLA,olivola
AVLD,auld
AVLDKVRN,oldcorn
AVLDRAYT,auldridge
AVLDRYJ,auldridge
AVLDZ,olds
AVLMN,ullman
AVL,owl
AVLSN,olsen
AVLSN,olson
AVLSVN,olson
AVLSVN,olsson
AVLVSTAD,ulvestad
AVLYMA,ulima
AVLYNG,aveling
AVLY,ole
AVLY,olli
AVLYVYH,olivie
AVLYVYR,olivier
AVMAKY,ohmaki
AVMBRGR,umberger
AVMGA,omega
AVMLAS,umlas
AVMR,ommer
AVNAT,onat
AVN,aun
AVNAYZA,unaiza
AVNAYZ,unaiza
AVNGLYSTA,evangelista
AVNG,ong
AVNSTY,onesty
AVNSVN,evenson
AVNVSKV,onosko
AVNYL,avniel
AVNYL,oneill
AVNZ,owens
AVQVAQ,ougouag
AVRAHAM,avraham
AVRAM,avram
AVRAYL,averill
AVRAYS,averice
AVRAYZ,averies
AVRAYZ,averis
AVRBN,orban
AVRCARD,orchard
AVRDALN,aurdalen
AVRFYVS,orpheus
AVRGAN,organ
AVRHAN,orhan
AVRHAN,orhun
AVRHART,everhart
AVRHRT,everhart
AVRHV,aurho
AVRKLYVN,aurkleven
AVRKNY,orkney
AVRLANDV,orlando
AVRL,averell
AVRLYNZ,orleans
AVRMA,urma
AVRM,orem
AVRMSPVRDN,ormesporden
AVRN,orne
AVRNVPN,aurnupen
AVR,ore
AVRSBRG,eversberg
AVRSLR,oursler
AVRTS,everts
AVRTYZ,ortiz
AVRVM,avrum
AVRV,orue
AVRVYL,orville
AVRY,every
AVRYGA,auriga
AVRYK,averice
AVRYL,averell
AVRYL,averill
AVRYNTS,variants
AVRYS,averice
AVRYS,averies
AVRYS,averis
AVRY,uri
AVRYVLY,aureole
AVRYVN,orion
AVRYVRDAN,oriordan
AVRYZ,averies
AVSAL,oshall
AVSBVRN,osborne
AVSBVRN,osburn
AVSLANDR,auslander
AVSLYNA,aucellina
AVSN,olsen
AVSN,osen
AVSNZ,owens
AVSTBANN,austbanen
AVSTHAMARN,austhamaren
AVSTLYC,ostliche
AVSTNDVRP,oostendorp
AVSTRANDR,ostrander
AVSTRNDR,ostrander
AVSTVLYN,austvollen
AVSTVRYN,austvorren
AVSTYN,austin
AVSYVN,oseven
AVSYZ,oseas
AVTAGVRV,otaguro
AVTA,otha
AVTH,oetje
AVTJH,oetje
AVTJ,oetje
AVTLV,otello
AVTLV,ottello
AVT,oetje
AVT,ott
AVTRY,awtrey
AVTVLYNY,ottolini
AVTV,otto
AVTYS,otis
AVVLYV,avolio
AVVRDAL,overdal
AVVRPK,overpeck
AVYAN,avian
AVYARS,oyarce
AVYCAY,avichay
AVYK,aveek
AVYNAS,avinash
AVYNG,ewing
AVYNZ,ewins
AVYRSA,aversa
AVYS,avis
AVYSNA,avicenna
AVYVA,aviva
AVYVN,aoyoun
AVZBRN,osburn
AVZGVR,ozgur
AVZMN,ozmen
AVZVNYS,ouzounis
AYALA,ayala
AYBAC,ebach
AYBAR,ibar
AYBL,aibel
AYBYRVNK,ibironke
AYCAS,eachus
AYCBVRN,ayckbourn
AYCYRV,ichiro
AYDA,aida
AYDA,ida
AYDAN,idun
AYDMN,eidam
AYDNBVRG,edenborough
AYD,oude
AYDS,eads
AYDVAYSVZ,ludovicus
AYDVRY,idury
AYDYD,aidid
AYDY,eady
AY,eye
AYF,ifje
AYFJH,ifje
AYFJ,ifje
AYFVFL,stoffel
AYFV,ifo
AYGAN,egan
AYGLASTVN,eaglestone
AYGLSTVN,eaglestone
AYGLV,igloo
AYGLY,egli
AYGRT,eggert
AYGRTVN,egerton
AYGV,igoe
AYGVR,igor
AYJH,aetje
AYJLSTVN,eaglestone
AYJVYN,ijuin
AYK,aik
AYKAM,eckam
AYKARVS,icarus
AYKBRN,ayckbourn
AYKBVRN,ayckbourn
AYKH,ike
AYKLVZAN,iclozan
AYKN,aiken
AYKVK,aycock
AYLANA,ilana
AYLAN,ilan
AYLKA,ilkka
AYLMYN,ilmin
AYLPV,ilpo
AYLR,iler
AYLSA,ailsa
AYLTH,aeltje
AYLVARD,aylward
AYLVR,aylor
AYLVT,aylott
AYLVT,eliot
AYLVYZA,eloisa
AYLYA,ilia
AYLYDYV,ilidio
AYLYN,aileen
AYLYN,ayling
AYLYN,eileen
AYLYNG,ayling
AYLYN,ileen
AYLYS,eyles
AYLYS,ilyess
AYLZ,eales
AYM,aim
AYMAN,aiman
AYMAN,ayman
AYMANTZ,imants
AYMAR,imar
'AYMN,ayman
AYMN,ayman
AYMN,eyman
AYMRY,emery
AYMVN,eamon
AYMY,aimee
AYNAC,ienatch
AYN,ain
AYNA,inna
AYNANA,inanna
AYNAN,inan
AYNARYNV,eannarino
AYNAT,aernoudt
AYN,ayn
AYNAYN,inauen
AYNC,inch
AYNDALYS,indulis
AYNDAYRSN,indiresan
AYNDRA,indra
AYNDRAJYT,indrajit
AYNDRANYL,indranil
AYNDRLY,indrelee
AYNDSVRS,endesworth
AYNDVY,indewey
AYNGALZ,ingalls
AYNG,auyeung
AYNG,ing
AYNG,inge
AYNGLD,ingold
AYNGLF,ingolf
AYNGL,ingle
AYNGLS,ingles
AYNGLYS,english
AYNGLYS,inglis
AYNGMAR,ingemar
AYNGMAR,ingmar
AYNGRAHAM,ingraham
AYNGRAM,ingram
AYNGRM,ingram
AYNGRSVL,ingresole
AYNGRYA,ingria
AYNGRYD,ingrid
AYNGRYSL,ingresole
AYNGRYSVL,ingresole
AYNGVAR,ingvar
AYNGYJD,engaged
AYNHV,inho
AYNJH,eyntje
AYNJJNRY,ingegneri
AYNKH,einke
AYNKVGNYTA,incognita
AYNLY,ainley
AYNMN,inman
AYNR,inner
AYNS,ines
AYNS,innes
AYNSR,ainsaar
AYNT,aint
AYNTAYR,intyre
AYNT,eyntje
AYNTH,eyntje
AYNTJ,eyntje
AYNTJH,eyntje
AYNTLSAT,intelsat
AYNTRNT,internet
AYNTRNT,interrante
AYNVKSN,enoksson
AYNVN,eynon
AYNVSNT,innocent
AYNYSA,ainissa
AYNZ,eyntje
AYNZHNRY,inzhenery
AYNZ,inez
AYNZ,innes
AYPRSVN,epperson
AYPRT,eppert
AYR,air
AYRARDY,ierardi
AYRAY,airay
AYRBYD,irbid
AYRD,aird
AYRDV,airdo
AYR,eyre
AYR,iyer
AYRLAYNZ,airlines
AYRL,earl
AYRLND,ireland
AYRNST,earnest
AYRNVT,aernoudt
AYRP,earp
AYRS,ayers
AYRVN,aaron
AYRVN,airoun
AYRVNSVN,aronson
AYRVVD,yearwood
AYRVYNG,irving
AYRVYN,irvin
AYRVYN,irwin
AYRVYYN,irwin
AYRY,airay
AYRYK,eirik
AYRYS,ariss
AYRYZARY,irizarry
AYRZ,ayers
'AYSA,aiesha
AYSA,aiesha
'AYSA,ayesha
AYSA,ayesha
AYS,ace
AYSA,eassa
AYSAK,isaac
AYSAK,isacq
AYSAKS,isaacs
AYSAMA,aissama
AYSAN,eason
AYSASK,isacq
AYSBL,isbell
AYSFALZ,icefalls
'AYSH,aiesha
AYSH,aiesha
'AYSH,ayesha
AYSH,ayesha
AYS,ice
AYSKANDR,iskander
AYSK,isecke
AYSLT,iselt
AYSLYK,icelic
AYSMAN,isman
AYSMN,isman
AYSNSTAT,aisenstat
AYSPVRT,iceport
AYSRAT,israt
AYSRT,eisert
AYSRT,israt
AYSTBRN,eastburn
AYSTLND,eastland
AYSTMAS,isthmus
AYSTMN,eastman
AYSTMVS,isthmus
AYSTRAGV,estrugo
AYSTRBRVK,easterbrook
AYSTR,easter
AYSTR,eyster
AYSTVVD,eastwood
AYSTVY,eastway
AYSTYK,eastick
AYSTYN,istian
AYSVN,asson
AYSVN,ayson
AYSY,ayse
AYSYZAKY,ishizaki
AYT,aetje
AYT,ait
AYTAMAR,itamar
AYTCV,aitcho
AYTCVN,itchon
AYTH,aetje
AYTH,oetje
AYTJ,aetje
AYTJ,oetje
AYTJY,oetje
AYTKN,aitken
AYTR,eater
AYTSN,aitsen
AYVA,iowa
AYVALD,ewald
AYVANZ,evans
AYVAR,ivar
AYVAYNG,ewing
AYVGNH,eugene
AYV,ilieve
AYVJNH,eugene
AYVLYN,evelyn
AYVND,eivind
AYVNS,evens
AYVRS,evers
AYVRSVN,iverson
AYVRY,ivery
AYVS,ayush
AYVS,eos
AYVSTYS,eustis
AYVSV,ayuso
AYVSYN,eosin
AYVTYK,ivetic
AYVYN,eoin
AYZAK,isacq
AYZAKSVN,isakson
AYZCYL,ezechiel
AYZDY,izadi
AYZ,eyes
AYZL,eisele
AYZMN,isman
AYZRVDA,izroda
AYZV,izzo
AZAD,azad
AZALYA,azalea
AZALY,azalea
AZANA,ozuna
AZAR,azhar
AZBVRN,osborne
AZCYL,ezechiel
AZHR,azhar
AZLA,azalea
AZLN,azlan
AZR,ezor
AZVR,azure
AZYCL,ezechiel
BAABAR,baabar
BAAFJ,baefje
BABA,baba
BABA,babah
BABAH,babah
BABAR,baabar
BABAR,babar
BAB,bob
BAB,bobe
BAB,bubb
BABK,baback
BABK,babak
BABL,bubble
BABR,baabar
BABT,babette
BABV,babu
BABVRAV,baburao
BABVSKYN,babushkin
BABY,bobbi
BABY,bobbie
BABY,bobby
BABYKV,babikow
BABYRL,buberel
BABYTZ,babitz
BACALTR,buchalter
BACARAC,bacharach
BACAS,bachus
BAC,butch
BACLDR,batchelder
BAD,bud
BAD,budd
BADKK,badcock
BADKVK,badcock
BADLVC,badeloch
BADMN,bodman
BADNYK,budnick
BADR,budur
BADRMN,baderman
BADRYK,badrick
BADVYN,bauduyn
BADVYYN,bauduyn
BADY,buddy
BADYG,budig
BADYN,baden
BADYN,bauduyn
BADYNGTN,baldington
BADYNGTVN,baldington
BADYVN,bauduyn
BADZ,budds
BADZYAK,budziak
BAFL,baffle
BAFY,baefje
BAFY,buffy
BAGA,bagga
BAGAM,baugham
BAGARLY,baggarly
BAGAY,bugay
BAGDAN,bogdon
BAGHAM,baugham
BAGLY,bagley
BAGLY,buggelli
BAGM,baugham
BAGSAV,bagshawe
BAGVLY,baguley
BAGYD,bagade
BAGZ,boggs
BAGZ,bugs
BAHYH,bahija
BAJVA,bajwa
BAJYK,bajic
BAKAR,bacar
BAKAS,backas
BAKAYA,bakaya
BAKLY,buckley
BAKNR,buckner
BAKR,bacar
BAKR,baker
BAKSKA,bocska
BAKSR,buckser
BYRD,byrd